Position,Name + ID,Name,ID,Roster Position,Salary,Game Info,TeamAbbrev,AvgPointsPerGame
PF/C,Giannis Antetokounmpo (36912533),Giannis Antetokounmpo,36912533,PF/C/F/UTIL,12000,MIL@BOS 12/06/2024 07:30PM ET,MIL,60.83
C,Victor Wembanyama (36912537),Victor Wembanyama,36912537,C/UTIL,10500,SAC@SAS 12/06/2024 08:00PM ET,SAS,52.07
C,Anthony Davis (36912539),Anthony Davis,36912539,C/UTIL,10200,LAL@ATL 12/06/2024 07:30PM ET,LAL,52.66
SF/PF,Jayson Tatum (36912541),Jayson Tatum,36912541,SF/PF/F/UTIL,10000,MIL@BOS 12/06/2024 07:30PM ET,BOS,52.58
PG,Stephen Curry (36912547),Stephen Curry,36912547,PG/G/UTIL,9700,MIN@GSW 12/06/2024 10:00PM ET,GSW,43.77
PF,LeBron James (36912550),LeBron James,36912550,PF/F/UTIL,9600,LAL@ATL 12/06/2024 07:30PM ET,LAL,48.43
SF/PF,Franz Wagner (36912553),Franz Wagner,36912553,SF/PF/F/UTIL,9500,ORL@PHI 12/06/2024 07:00PM ET,ORL,44.12
PG,Damian Lillard (36912557),Damian Lillard,36912557,PG/G/UTIL,9400,MIL@BOS 12/06/2024 07:30PM ET,MIL,45.81
C,Domantas Sabonis (36912560),Domantas Sabonis,36912560,C/UTIL,9300,SAC@SAS 12/06/2024 08:00PM ET,SAC,49.01
PG,Trae Young (36912564),Trae Young,36912564,PG/G/UTIL,9100,LAL@ATL 12/06/2024 07:30PM ET,ATL,46.15
PG,De'Aaron Fox (36912567),De'Aaron Fox,36912567,PG/G/UTIL,9000,SAC@SAS 12/06/2024 08:00PM ET,SAC,45.53
PG/SG,Anthony Edwards (36912570),Anthony Edwards,36912570,PG/SG/G/UTIL,8900,MIN@GSW 12/06/2024 10:00PM ET,MIN,43.44
PG,Tyrese Maxey (36912574),Tyrese Maxey,36912574,PG/G/UTIL,8800,ORL@PHI 12/06/2024 07:00PM ET,PHI,41.34
SG/SF,Jaylen Brown (36912577),Jaylen Brown,36912577,SG/SF/F/G/UTIL,8600,MIL@BOS 12/06/2024 07:30PM ET,BOS,43.35
PF,Jalen Johnson (36912582),Jalen Johnson,36912582,PF/F/UTIL,8500,LAL@ATL 12/06/2024 07:30PM ET,ATL,45.80
C,Nikola Vucevic (36912585),Nikola Vucevic,36912585,C/UTIL,8400,IND@CHI 12/06/2024 08:00PM ET,CHI,43.18
PG,Tyrese Haliburton (36912587),Tyrese Haliburton,36912587,PG/G/UTIL,8300,IND@CHI 12/06/2024 08:00PM ET,IND,39.13
PF,Pascal Siakam (36912590),Pascal Siakam,36912590,PF/F/UTIL,7800,IND@CHI 12/06/2024 08:00PM ET,IND,36.17
SG/SF,Zach LaVine (36912593),Zach LaVine,36912593,SG/SF/F/G/UTIL,7700,IND@CHI 12/06/2024 08:00PM ET,CHI,35.8
SF/PF,Paul George (36912598),Paul George,36912598,SF/PF/F/UTIL,7600,ORL@PHI 12/06/2024 07:00PM ET,PHI,34.72
SF/PF,DeMar DeRozan (36912604),DeMar DeRozan,36912604,SF/PF/F/UTIL,7400,SAC@SAS 12/06/2024 08:00PM ET,SAC,37.79
PF/C,Julius Randle (36912608),Julius Randle,36912608,PF/C/F/UTIL,7300,MIN@GSW 12/06/2024 10:00PM ET,MIN,36.79
PF/C,John Collins (36912612),John Collins,36912612,PF/C/F/UTIL,7200,UTA@POR 12/06/2024 10:00PM ET,UTA,36.19
PG/SG,Derrick White (36912616),Derrick White,36912616,PG/SG/G/UTIL,7100,MIL@BOS 12/06/2024 07:30PM ET,BOS,36.45
PG/SG,Malik Monk (36912624),Malik Monk,36912624,PG/SG/G/UTIL,7000,SAC@SAS 12/06/2024 08:00PM ET,SAC,30.09
SF/PF,Lauri Markkanen (36912620),Lauri Markkanen,36912620,SF/PF/F/UTIL,7000,UTA@POR 12/06/2024 10:00PM ET,UTA,33.16
PG/SG,Coby White (36912628),Coby White,36912628,PG/SG/G/UTIL,6900,IND@CHI 12/06/2024 08:00PM ET,CHI,32.88
PF/C,Draymond Green (36912632),Draymond Green,36912632,PF/C/F/UTIL,6900,MIN@GSW 12/06/2024 10:00PM ET,GSW,29.38
SG/SF,Bennedict Mathurin (36912636),Bennedict Mathurin,36912636,SG/SF/F/G/UTIL,6800,IND@CHI 12/06/2024 08:00PM ET,IND,30.90
C,Deandre Ayton (36912641),Deandre Ayton,36912641,C/UTIL,6800,UTA@POR 12/06/2024 10:00PM ET,POR,32.28
C,Myles Turner (36912647),Myles Turner,36912647,C/UTIL,6700,IND@CHI 12/06/2024 08:00PM ET,IND,32.75
PG,Josh Giddey (36912649),Josh Giddey,36912649,PG/G/UTIL,6700,IND@CHI 12/06/2024 08:00PM ET,CHI,31.88
PG/SG,Jared McCain (36912643),Jared McCain,36912643,PG/SG/G/UTIL,6700,ORL@PHI 12/06/2024 07:00PM ET,PHI,25.24
SG,Khris Middleton (36912652),Khris Middleton,36912652,SG/G/UTIL,6600,MIL@BOS 12/06/2024 07:30PM ET,MIL,0
C,Rudy Gobert (36912655),Rudy Gobert,36912655,C/UTIL,6600,MIN@GSW 12/06/2024 10:00PM ET,MIN,31.70
SF/PF,Andrew Wiggins (36912660),Andrew Wiggins,36912660,SF/PF/F/UTIL,6600,MIN@GSW 12/06/2024 10:00PM ET,GSW,30.87
PG,Anfernee Simons (36912657),Anfernee Simons,36912657,PG/G/UTIL,6600,UTA@POR 12/06/2024 10:00PM ET,POR,28.40
PG,Jalen Suggs (36912664),Jalen Suggs,36912664,PG/G/UTIL,6500,ORL@PHI 12/06/2024 07:00PM ET,ORL,30.88
PG/SG,Dyson Daniels (36912673),Dyson Daniels,36912673,PG/SG/G/UTIL,6300,LAL@ATL 12/06/2024 07:30PM ET,ATL,32.23
C,Walker Kessler (36912671),Walker Kessler,36912671,C/UTIL,6300,UTA@POR 12/06/2024 10:00PM ET,UTA,32.88
C,Brook Lopez (36912684),Brook Lopez,36912684,C/UTIL,6200,MIL@BOS 12/06/2024 07:30PM ET,MIL,28.76
PG,Chris Paul (36912677),Chris Paul,36912677,PG/G/UTIL,6200,SAC@SAS 12/06/2024 08:00PM ET,SAS,31.32
PG/SG,Collin Sexton (36912680),Collin Sexton,36912680,PG/SG/G/UTIL,6200,UTA@POR 12/06/2024 10:00PM ET,UTA,26.29
PF,Jeremy Sochan (36912686),Jeremy Sochan,36912686,PF/F/UTIL,6100,SAC@SAS 12/06/2024 08:00PM ET,SAS,33.33
SF/PF,Keegan Murray (36912689),Keegan Murray,36912689,SF/PF/F/UTIL,6100,SAC@SAS 12/06/2024 08:00PM ET,SAC,28.23
SF,Deni Avdija (36912693),Deni Avdija,36912693,SF/F/UTIL,6000,UTA@POR 12/06/2024 10:00PM ET,POR,27.78
PF/C,Guerschon Yabusele (36912696),Guerschon Yabusele,36912696,PF/C/F/UTIL,6000,ORL@PHI 12/06/2024 07:00PM ET,PHI,22.78
PG,Keyonte George (36912700),Keyonte George,36912700,PG/G/UTIL,5900,UTA@POR 12/06/2024 10:00PM ET,UTA,28.86
PG/SG,Shaedon Sharpe (36912703),Shaedon Sharpe,36912703,PG/SG/G/UTIL,5900,UTA@POR 12/06/2024 10:00PM ET,POR,27.27
PG/SG,Payton Pritchard (36912707),Payton Pritchard,36912707,PG/SG/G/UTIL,5800,MIL@BOS 12/06/2024 07:30PM ET,BOS,28.75
PG/SG,Ayo Dosunmu (36912711),Ayo Dosunmu,36912711,PG/SG/G/UTIL,5700,IND@CHI 12/06/2024 08:00PM ET,CHI,26.64
PF,Jerami Grant (36912715),Jerami Grant,36912715,PF/F/UTIL,5700,UTA@POR 12/06/2024 10:00PM ET,POR,28.28
PF/C,Bobby Portis (36912718),Bobby Portis,36912718,PF/C/F/UTIL,5600,MIL@BOS 12/06/2024 07:30PM ET,MIL,25.8
PG,D'Angelo Russell (36912725),D'Angelo Russell,36912725,PG/G/UTIL,5400,LAL@ATL 12/06/2024 07:30PM ET,LAL,25.04
C,Clint Capela (36912731),Clint Capela,36912731,C/UTIL,5400,LAL@ATL 12/06/2024 07:30PM ET,ATL,27.62
SG,Kelly Oubre Jr. (36912728),Kelly Oubre Jr.,36912728,SG/G/UTIL,5400,ORL@PHI 12/06/2024 07:00PM ET,PHI,24.49
PG/SG,Brandin Podziemski (36912740),Brandin Podziemski,36912740,PG/SG/G/UTIL,5300,MIN@GSW 12/06/2024 10:00PM ET,GSW,21.36
C,Andre Drummond (36912736),Andre Drummond,36912736,C/UTIL,5300,ORL@PHI 12/06/2024 07:00PM ET,PHI,22.13
C,Goga Bitadze (36912738),Goga Bitadze,36912738,C/UTIL,5300,ORL@PHI 12/06/2024 07:00PM ET,ORL,24.22
PF,Jonathan Kuminga (36912753),Jonathan Kuminga,36912753,PF/F/UTIL,5200,MIN@GSW 12/06/2024 10:00PM ET,GSW,25.82
SG/SF,Kevin Huerter (36912748),Kevin Huerter,36912748,SG/SF/F/G/UTIL,5200,SAC@SAS 12/06/2024 08:00PM ET,SAC,19.66
PG,Jrue Holiday (36912762),Jrue Holiday,36912762,PG/G/UTIL,5100,MIL@BOS 12/06/2024 07:30PM ET,BOS,25.10
PF/C,Wendell Carter Jr. (36912758),Wendell Carter Jr.,36912758,PF/C/F/UTIL,5100,ORL@PHI 12/06/2024 07:00PM ET,ORL,23.73
SF/PF,De'Andre Hunter (36912765),De'Andre Hunter,36912765,SF/PF/F/UTIL,5000,LAL@ATL 12/06/2024 07:30PM ET,ATL,28.33
PG,Mike Conley (36912771),Mike Conley,36912771,PG/G/UTIL,5000,MIN@GSW 12/06/2024 10:00PM ET,MIN,22.85
C,Zach Collins (36912774),Zach Collins,36912774,C/UTIL,5000,SAC@SAS 12/06/2024 08:00PM ET,SAS,15.12
SF/PF,Rui Hachimura (36912782),Rui Hachimura,36912782,SF/PF/F/UTIL,4900,LAL@ATL 12/06/2024 07:30PM ET,LAL,24.21
PF/C,Al Horford (36912786),Al Horford,36912786,PF/C/F/UTIL,4900,MIL@BOS 12/06/2024 07:30PM ET,BOS,23.71
PF/C,Naz Reid (36912790),Naz Reid,36912790,PF/C/F/UTIL,4900,MIN@GSW 12/06/2024 10:00PM ET,MIN,24.74
SF,Julian Champagnie (36912779),Julian Champagnie,36912779,SF/F/UTIL,4900,SAC@SAS 12/06/2024 08:00PM ET,SAS,24.32
PG,Scoot Henderson (36912776),Scoot Henderson,36912776,PG/G/UTIL,4900,UTA@POR 12/06/2024 10:00PM ET,POR,24.53
SF/PF,Sam Hauser (36912797),Sam Hauser,36912797,SF/PF/F/UTIL,4800,MIL@BOS 12/06/2024 07:30PM ET,BOS,17.51
SG,Buddy Hield (36912805),Buddy Hield,36912805,SG/G/UTIL,4800,MIN@GSW 12/06/2024 10:00PM ET,GSW,24.12
SG,Stephon Castle (36912794),Stephon Castle,36912794,SG/G/UTIL,4800,SAC@SAS 12/06/2024 08:00PM ET,SAS,22.56
SF/PF,Toumani Camara (36912801),Toumani Camara,36912801,SF/PF/F/UTIL,4800,UTA@POR 12/06/2024 10:00PM ET,POR,22.89
SG/SF,Dalton Knecht (36912808),Dalton Knecht,36912808,SG/SF/F/G/UTIL,4700,LAL@ATL 12/06/2024 07:30PM ET,LAL,19.07
SG/SF,Bogdan Bogdanovic (36912816),Bogdan Bogdanovic,36912816,SG/SF/F/G/UTIL,4700,LAL@ATL 12/06/2024 07:30PM ET,ATL,22.36
PG,T.J. McConnell (36912813),T.J. McConnell,36912813,PG/G/UTIL,4700,IND@CHI 12/06/2024 08:00PM ET,IND,21.89
PG/SG,Dalano Banton (36912821),Dalano Banton,36912821,PG/SG/G/UTIL,4600,UTA@POR 12/06/2024 10:00PM ET,POR,19.84
PG/SG,Lonzo Ball (36912837),Lonzo Ball,36912837,PG/SG/G/UTIL,4500,IND@CHI 12/06/2024 08:00PM ET,CHI,16.38
SF,Jaden McDaniels (36912831),Jaden McDaniels,36912831,SF/F/UTIL,4500,MIN@GSW 12/06/2024 10:00PM ET,MIN,21
SF/PF,Keldon Johnson (36912827),Keldon Johnson,36912827,SF/PF/F/UTIL,4500,SAC@SAS 12/06/2024 08:00PM ET,SAS,24.14
C,Moritz Wagner (36912825),Moritz Wagner,36912825,C/UTIL,4500,ORL@PHI 12/06/2024 07:00PM ET,ORL,23.5
PF,Caleb Martin (36912834),Caleb Martin,36912834,PF/F/UTIL,4500,ORL@PHI 12/06/2024 07:00PM ET,PHI,22
C,Onyeka Okongwu (36912841),Onyeka Okongwu,36912841,C/UTIL,4400,LAL@ATL 12/06/2024 07:30PM ET,ATL,24.61
PG/SG,Donte DiVincenzo (36912846),Donte DiVincenzo,36912846,PG/SG/G/UTIL,4400,MIN@GSW 12/06/2024 10:00PM ET,MIN,21.12
PG/SG,Andrew Nembhard (36912852),Andrew Nembhard,36912852,PG/SG/G/UTIL,4300,IND@CHI 12/06/2024 08:00PM ET,IND,18.56
C,Luke Kornet (36912865),Luke Kornet,36912865,C/UTIL,4200,MIL@BOS 12/06/2024 07:30PM ET,BOS,15.79
C,Kevon Looney (36912867),Kevon Looney,36912867,C/UTIL,4200,MIN@GSW 12/06/2024 10:00PM ET,GSW,19.95
SF,Talen Horton-Tucker (36912890),Talen Horton-Tucker,36912890,SF/F/UTIL,4100,IND@CHI 12/06/2024 08:00PM ET,CHI,13.66
SG/SF,Nickeil Alexander-Walker (36912885),Nickeil Alexander-Walker,36912885,SG/SF/F/G/UTIL,4100,MIN@GSW 12/06/2024 10:00PM ET,MIN,19.62
C,Trayce Jackson-Davis (36912893),Trayce Jackson-Davis,36912893,C/UTIL,4100,MIN@GSW 12/06/2024 10:00PM ET,GSW,18.58
SF/PF,Harrison Barnes (36912869),Harrison Barnes,36912869,SF/PF/F/UTIL,4100,SAC@SAS 12/06/2024 08:00PM ET,SAS,20.34
SG,Kentavious Caldwell-Pope (36912873),Kentavious Caldwell-Pope,36912873,SG/G/UTIL,4100,ORL@PHI 12/06/2024 07:00PM ET,ORL,18.61
C,Neemias Queta (36912905),Neemias Queta,36912905,C/UTIL,4000,MIL@BOS 12/06/2024 07:30PM ET,BOS,16.15
PG/SG,Keon Ellis (36912895),Keon Ellis,36912895,PG/SG/G/UTIL,4000,SAC@SAS 12/06/2024 08:00PM ET,SAC,14.62
C,Charles Bassey (36912903),Charles Bassey,36912903,C/UTIL,4000,SAC@SAS 12/06/2024 08:00PM ET,SAS,10.25
PF/C,Jonathan Isaac (36912899),Jonathan Isaac,36912899,PF/C/F/UTIL,4000,ORL@PHI 12/06/2024 07:00PM ET,ORL,17.49
SF,Zaccharie Risacher (36912911),Zaccharie Risacher,36912911,SF/F/UTIL,3900,LAL@ATL 12/06/2024 07:30PM ET,ATL,21.34
SF/PF,Matas Buzelis (36912918),Matas Buzelis,36912918,SF/PF/F/UTIL,3900,IND@CHI 12/06/2024 08:00PM ET,CHI,10.89
PG/SG,Anthony Black (36912907),Anthony Black,36912907,PG/SG/G/UTIL,3900,ORL@PHI 12/06/2024 07:00PM ET,ORL,20.21
SF/PF,KJ Martin (36912914),KJ Martin,36912914,SF/PF/F/UTIL,3900,ORL@PHI 12/06/2024 07:00PM ET,PHI,12.78
SF/PF,Taurean Prince (36912926),Taurean Prince,36912926,SF/PF/F/UTIL,3800,MIL@BOS 12/06/2024 07:30PM ET,MIL,20.26
SF/PF,Jarace Walker (36912922),Jarace Walker,36912922,SF/PF/F/UTIL,3800,IND@CHI 12/06/2024 08:00PM ET,IND,14.74
PG/SG,Kyle Lowry (36912932),Kyle Lowry,36912932,PG/SG/G/UTIL,3800,ORL@PHI 12/06/2024 07:00PM ET,PHI,16.5
SG/SF,Quenton Jackson (36912936),Quenton Jackson,36912936,SG/SF/F/G/UTIL,3700,IND@CHI 12/06/2024 08:00PM ET,IND,14.27
SG/SF,Lindy Waters III (36912944),Lindy Waters III,36912944,SG/SF/F/G/UTIL,3700,MIN@GSW 12/06/2024 10:00PM ET,GSW,13.02
SF,Brice Sensabaugh (36912941),Brice Sensabaugh,36912941,SF/F/UTIL,3700,UTA@POR 12/06/2024 10:00PM ET,UTA,13.18
SG/SF,Gary Trent Jr. (36912956),Gary Trent Jr.,36912956,SG/SF/F/G/UTIL,3600,MIL@BOS 12/06/2024 07:30PM ET,MIL,15.5
PF/C,Obi Toppin (36912949),Obi Toppin,36912949,PF/C/F/UTIL,3600,IND@CHI 12/06/2024 08:00PM ET,IND,18.92
SF/PF,Kyle Anderson (36912961),Kyle Anderson,36912961,SF/PF/F/UTIL,3600,MIN@GSW 12/06/2024 10:00PM ET,GSW,15.78
SF,Ricky Council IV (36912953),Ricky Council IV,36912953,SF/F/UTIL,3600,ORL@PHI 12/06/2024 07:00PM ET,PHI,8.44
PG/SG,AJ Green (36912972),AJ Green,36912972,PG/SG/G/UTIL,3500,MIL@BOS 12/06/2024 07:30PM ET,MIL,14.61
PF,Julian Phillips (36912976),Julian Phillips,36912976,PF/F/UTIL,3500,IND@CHI 12/06/2024 08:00PM ET,CHI,10.26
SF,Josh Minott (36912965),Josh Minott,36912965,SF/F/UTIL,3500,MIN@GSW 12/06/2024 10:00PM ET,MIN,6.39
PF/C,Jabari Walker (36912968),Jabari Walker,36912968,PF/C/F/UTIL,3500,UTA@POR 12/06/2024 10:00PM ET,POR,8.44
PG/SG,Gabe Vincent (36912979),Gabe Vincent,36912979,PG/SG/G/UTIL,3400,LAL@ATL 12/06/2024 07:30PM ET,LAL,7.52
PF,Torrey Craig (36912983),Torrey Craig,36912983,PF/F/UTIL,3400,IND@CHI 12/06/2024 08:00PM ET,CHI,9.88
SF,Max Christie (36912986),Max Christie,36912986,SF/F/UTIL,3300,LAL@ATL 12/06/2024 07:30PM ET,LAL,12.12
PF,Drew Peterson (36912994),Drew Peterson,36912994,PF/F/UTIL,3300,MIL@BOS 12/06/2024 07:30PM ET,BOS,7.21
SG/SF,Andre Jackson Jr. (36912999),Andre Jackson Jr.,36912999,SG/SF/F/G/UTIL,3300,MIL@BOS 12/06/2024 07:30PM ET,MIL,11.1
C,Jalen Smith (36912989),Jalen Smith,36912989,C/UTIL,3300,IND@CHI 12/06/2024 08:00PM ET,CHI,17.54
SF,Johnny Furphy (36913004),Johnny Furphy,36913004,SF/F/UTIL,3300,IND@CHI 12/06/2024 08:00PM ET,IND,7.15
PF,Jae Crowder (36912991),Jae Crowder,36912991,PF/F/UTIL,3300,SAC@SAS 12/06/2024 08:00PM ET,SAC,10.15
SG/SF,Rayan Rupert (36913007),Rayan Rupert,36913007,SG/SF/F/G/UTIL,3300,UTA@POR 12/06/2024 10:00PM ET,POR,7.20
C,Adem Bona (36912997),Adem Bona,36912997,C/UTIL,3300,ORL@PHI 12/06/2024 07:00PM ET,PHI,4.29
SF/PF,Cam Reddish (36913020),Cam Reddish,36913020,SF/PF/F/UTIL,3200,LAL@ATL 12/06/2024 07:30PM ET,LAL,10
PG,Kobe Bufkin (36913028),Kobe Bufkin,36913028,PG/G/UTIL,3200,LAL@ATL 12/06/2024 07:30PM ET,ATL,11.86
SF,Dalen Terry (36913036),Dalen Terry,36913036,SF/F/UTIL,3200,IND@CHI 12/06/2024 08:00PM ET,CHI,9.27
PG/SG,Moses Moody (36913012),Moses Moody,36913012,PG/SG/G/UTIL,3200,MIN@GSW 12/06/2024 10:00PM ET,GSW,13.20
PF/C,Isaac Jones (36913024),Isaac Jones,36913024,PF/C/F/UTIL,3200,SAC@SAS 12/06/2024 08:00PM ET,SAC,8.17
SG/SF,Johnny Juzang (36913031),Johnny Juzang,36913031,SG/SF/F/G/UTIL,3200,UTA@POR 12/06/2024 10:00PM ET,UTA,12.06
SF/PF,Tristan da Silva (36913016),Tristan da Silva,36913016,SF/PF/F/UTIL,3200,ORL@PHI 12/06/2024 07:00PM ET,ORL,15.99
C,Christian Koloko (36913039),Christian Koloko,36913039,C/UTIL,3100,LAL@ATL 12/06/2024 07:30PM ET,LAL,5.94
SF/PF,Pat Connaughton (36913044),Pat Connaughton,36913044,SF/PF/F/UTIL,3100,MIL@BOS 12/06/2024 07:30PM ET,MIL,12.42
SF,Gary Payton II (36913050),Gary Payton II,36913050,SF/F/UTIL,3100,MIN@GSW 12/06/2024 10:00PM ET,GSW,11.13
PF,Doug McDermott (36913041),Doug McDermott,36913041,PF/F/UTIL,3100,SAC@SAS 12/06/2024 08:00PM ET,SAC,4.62
C,Drew Eubanks (36913048),Drew Eubanks,36913048,C/UTIL,3100,UTA@POR 12/06/2024 10:00PM ET,UTA,12
SG/SF,Garrison Mathews (36913129),Garrison Mathews,36913129,SG/SF/F/G/UTIL,3000,LAL@ATL 12/06/2024 07:30PM ET,ATL,14.18
PG,Keaton Wallace (36913134),Keaton Wallace,36913134,PG/G/UTIL,3000,LAL@ATL 12/06/2024 07:30PM ET,ATL,11.79
C,Mouhamed Gueye (36913137),Mouhamed Gueye,36913137,C/UTIL,3000,LAL@ATL 12/06/2024 07:30PM ET,ATL,2
PF/C,Larry Nance Jr. (36913139),Larry Nance Jr.,36913139,PF/C/F/UTIL,3000,LAL@ATL 12/06/2024 07:30PM ET,ATL,15.56
C,Dominick Barlow (36913143),Dominick Barlow,36913143,C/UTIL,3000,LAL@ATL 12/06/2024 07:30PM ET,ATL,0.5
PF,David Roddy (36913145),David Roddy,36913145,PF/F/UTIL,3000,LAL@ATL 12/06/2024 07:30PM ET,ATL,12.83
SG,Vit Krejci (36913148),Vit Krejci,36913148,SG/G/UTIL,3000,LAL@ATL 12/06/2024 07:30PM ET,ATL,7.22
C,Cody Zeller (36913151),Cody Zeller,36913151,C/UTIL,3000,LAL@ATL 12/06/2024 07:30PM ET,ATL,0
SG,Seth Lundy (36913153),Seth Lundy,36913153,SG/G/UTIL,3000,LAL@ATL 12/06/2024 07:30PM ET,ATL,0
PF,Maxwell Lewis (36913281),Maxwell Lewis,36913281,PF/F/UTIL,3000,LAL@ATL 12/06/2024 07:30PM ET,LAL,1.83
PF/C,Armel Traore (36913284),Armel Traore,36913284,PF/C/F/UTIL,3000,LAL@ATL 12/06/2024 07:30PM ET,LAL,6
PG,Quincy Olivari (36913288),Quincy Olivari,36913288,PG/G/UTIL,3000,LAL@ATL 12/06/2024 07:30PM ET,LAL,0
PG,Jalen Hood-Schifino (36913291),Jalen Hood-Schifino,36913291,PG/G/UTIL,3000,LAL@ATL 12/06/2024 07:30PM ET,LAL,4.12
PG,Bronny James (36913294),Bronny James,36913294,PG/G/UTIL,3000,LAL@ATL 12/06/2024 07:30PM ET,LAL,1.71
SF,Anton Watson (36913058),Anton Watson,36913058,SF/F/UTIL,3000,MIL@BOS 12/06/2024 07:30PM ET,BOS,0
SG/SF,Baylor Scheierman (36913071),Baylor Scheierman,36913071,SG/SF/F/G/UTIL,3000,MIL@BOS 12/06/2024 07:30PM ET,BOS,3.55
PF/C,Xavier Tillman (36913076),Xavier Tillman,36913076,PF/C/F/UTIL,3000,MIL@BOS 12/06/2024 07:30PM ET,BOS,5.33
SG/SF,Jordan Walsh (36913080),Jordan Walsh,36913080,SG/SF/F/G/UTIL,3000,MIL@BOS 12/06/2024 07:30PM ET,BOS,4.20
PG,JD Davison (36913085),JD Davison,36913085,PG/G/UTIL,3000,MIL@BOS 12/06/2024 07:30PM ET,BOS,1.75
SG/SF,Jaden Springer (36913088),Jaden Springer,36913088,SG/SF/F/G/UTIL,3000,MIL@BOS 12/06/2024 07:30PM ET,BOS,3.36
SG,Stanley Umude (36913204),Stanley Umude,36913204,SG/G/UTIL,3000,MIL@BOS 12/06/2024 07:30PM ET,MIL,1.79
PG,Delon Wright (36913207),Delon Wright,36913207,PG/G/UTIL,3000,MIL@BOS 12/06/2024 07:30PM ET,MIL,9.51
PG,Ryan Rollins (36913210),Ryan Rollins,36913210,PG/G/UTIL,3000,MIL@BOS 12/06/2024 07:30PM ET,MIL,7.25
C,Liam Robbins (36913213),Liam Robbins,36913213,C/UTIL,3000,MIL@BOS 12/06/2024 07:30PM ET,MIL,1.75
SG,AJ Johnson (36913215),AJ Johnson,36913215,SG/G/UTIL,3000,MIL@BOS 12/06/2024 07:30PM ET,MIL,2.1
PF,Tyler Smith (36913218),Tyler Smith,36913218,PF/F/UTIL,3000,MIL@BOS 12/06/2024 07:30PM ET,MIL,3.75
SF,Chris Livingston (36913221),Chris Livingston,36913221,SF/F/UTIL,3000,MIL@BOS 12/06/2024 07:30PM ET,MIL,2.5
PG/SF,Marjon Beauchamp (36913224),Marjon Beauchamp,36913224,PG/SF/F/G/UTIL,3000,MIL@BOS 12/06/2024 07:30PM ET,MIL,2.75
PG/SG,Jevon Carter (36913190),Jevon Carter,36913190,PG/SG/G/UTIL,3000,IND@CHI 12/06/2024 08:00PM ET,CHI,3.91
PG,DJ Steward (36913194),DJ Steward,36913194,PG/G/UTIL,3000,IND@CHI 12/06/2024 08:00PM ET,CHI,0
SG,Chris Duarte (36913197),Chris Duarte,36913197,SG/G/UTIL,3000,IND@CHI 12/06/2024 08:00PM ET,CHI,4.54
C,E.J. Liddell (36913200),E.J. Liddell,36913200,C/UTIL,3000,IND@CHI 12/06/2024 08:00PM ET,CHI,5.04
C,Adama Sanogo (36913202),Adama Sanogo,36913202,C/UTIL,3000,IND@CHI 12/06/2024 08:00PM ET,CHI,3.17
PF/C,James Johnson (36913339),James Johnson,36913339,PF/C/F/UTIL,3000,IND@CHI 12/06/2024 08:00PM ET,IND,3.33
PG,Tristen Newton (36913343),Tristen Newton,36913343,PG/G/UTIL,3000,IND@CHI 12/06/2024 08:00PM ET,IND,0.8
PF/C,Enrique Freeman (36913346),Enrique Freeman,36913346,PF/C/F/UTIL,3000,IND@CHI 12/06/2024 08:00PM ET,IND,3.52
C,Moses Brown (36913350),Moses Brown,36913350,C/UTIL,3000,IND@CHI 12/06/2024 08:00PM ET,IND,5.36
C,James Wiseman (36913354),James Wiseman,36913354,C/UTIL,3000,IND@CHI 12/06/2024 08:00PM ET,IND,7.25
SG,Gui Santos (36913176),Gui Santos,36913176,SG/G/UTIL,3000,MIN@GSW 12/06/2024 10:00PM ET,GSW,2.67
PG,Pat Spencer (36913179),Pat Spencer,36913179,PG/G/UTIL,3000,MIN@GSW 12/06/2024 10:00PM ET,GSW,5.62
PG,Reece Beekman (36913182),Reece Beekman,36913182,PG/G/UTIL,3000,MIN@GSW 12/06/2024 10:00PM ET,GSW,3.38
C,Quinten Post (36913185),Quinten Post,36913185,C/UTIL,3000,MIN@GSW 12/06/2024 10:00PM ET,GSW,0
C,Jesse Edwards (36913311),Jesse Edwards,36913311,C/UTIL,3000,MIN@GSW 12/06/2024 10:00PM ET,MIN,0
PF,PJ Dozier (36913313),PJ Dozier,36913313,PF/F/UTIL,3000,MIN@GSW 12/06/2024 10:00PM ET,MIN,3.88
PF/C,Leonard Miller (36913319),Leonard Miller,36913319,PF/C/F/UTIL,3000,MIN@GSW 12/06/2024 10:00PM ET,MIN,0
SG/SF,Terrence Shannon Jr. (36913323),Terrence Shannon Jr.,36913323,SG/SF/F/G/UTIL,3000,MIN@GSW 12/06/2024 10:00PM ET,MIN,3.54
SG,Jaylen Clark (36913328),Jaylen Clark,36913328,SG/G/UTIL,3000,MIN@GSW 12/06/2024 10:00PM ET,MIN,0
C,Luka Garza (36913331),Luka Garza,36913331,C/UTIL,3000,MIN@GSW 12/06/2024 10:00PM ET,MIN,5.92
PG,Rob Dillingham (36913333),Rob Dillingham,36913333,PG/G/UTIL,3000,MIN@GSW 12/06/2024 10:00PM ET,MIN,6.75
PF,Joe Ingles (36913336),Joe Ingles,36913336,PF/F/UTIL,3000,MIN@GSW 12/06/2024 10:00PM ET,MIN,2.21
PG,Tre Jones (36913053),Tre Jones,36913053,PG/G/UTIL,3000,SAC@SAS 12/06/2024 08:00PM ET,SAS,13.59
C,Alex Len (36913056),Alex Len,36913056,C/UTIL,3000,SAC@SAS 12/06/2024 08:00PM ET,SAC,7.03
SG/SF,Malaki Branham (36913061),Malaki Branham,36913061,SG/SF/F/G/UTIL,3000,SAC@SAS 12/06/2024 08:00PM ET,SAS,11.46
SG,Mason Jones (36913066),Mason Jones,36913066,SG/G/UTIL,3000,SAC@SAS 12/06/2024 08:00PM ET,SAC,5.17
C,Orlando Robinson (36913069),Orlando Robinson,36913069,C/UTIL,3000,SAC@SAS 12/06/2024 08:00PM ET,SAC,5.67
PF,Riley Minix (36913156),Riley Minix,36913156,PF/F/UTIL,3000,SAC@SAS 12/06/2024 08:00PM ET,SAS,2.5
PG/SG,Blake Wesley (36913159),Blake Wesley,36913159,PG/SG/G/UTIL,3000,SAC@SAS 12/06/2024 08:00PM ET,SAS,8.04
PF,Harrison Ingram (36913163),Harrison Ingram,36913163,PF/F/UTIL,3000,SAC@SAS 12/06/2024 08:00PM ET,SAS,1.25
SG,Sidy Cissoko (36913166),Sidy Cissoko,36913166,SG/G/UTIL,3000,SAC@SAS 12/06/2024 08:00PM ET,SAS,2.22
SG,David Duke Jr. (36913169),David Duke Jr.,36913169,SG/G/UTIL,3000,SAC@SAS 12/06/2024 08:00PM ET,SAS,6
PF/C,Sandro Mamukelashvili (36913172),Sandro Mamukelashvili,36913172,PF/C/F/UTIL,3000,SAC@SAS 12/06/2024 08:00PM ET,SAS,9.83
SG/SF,Colby Jones (36913297),Colby Jones,36913297,SG/SF/F/G/UTIL,3000,SAC@SAS 12/06/2024 08:00PM ET,SAC,2.67
PG,Jordan McLaughlin (36913302),Jordan McLaughlin,36913302,PG/G/UTIL,3000,SAC@SAS 12/06/2024 08:00PM ET,SAC,5.65
PF,Isaiah Crawford (36913305),Isaiah Crawford,36913305,PF/F/UTIL,3000,SAC@SAS 12/06/2024 08:00PM ET,SAC,0
PG,Devin Carter (36913308),Devin Carter,36913308,PG/G/UTIL,3000,SAC@SAS 12/06/2024 08:00PM ET,SAC,0
SG,Taze Moore (36913112),Taze Moore,36913112,SG/G/UTIL,3000,UTA@POR 12/06/2024 10:00PM ET,POR,10.5
SG,Bryce McGowens (36913115),Bryce McGowens,36913115,SG/G/UTIL,3000,UTA@POR 12/06/2024 10:00PM ET,POR,0
C,Duop Reath (36913118),Duop Reath,36913118,C/UTIL,3000,UTA@POR 12/06/2024 10:00PM ET,POR,3.17
SF,Kris Murray (36913120),Kris Murray,36913120,SF/F/UTIL,3000,UTA@POR 12/06/2024 10:00PM ET,POR,9.32
PF,Justin Minaya (36913123),Justin Minaya,36913123,PF/F/UTIL,3000,UTA@POR 12/06/2024 10:00PM ET,POR,1.25
PF,Matisse Thybulle (36913126),Matisse Thybulle,36913126,PF/F/UTIL,3000,UTA@POR 12/06/2024 10:00PM ET,POR,0
SG/SF,David Jones (36913254),David Jones,36913254,SG/SF/F/G/UTIL,3000,UTA@POR 12/06/2024 10:00PM ET,UTA,0
SG/SF,Svi Mykhailiuk (36913259),Svi Mykhailiuk,36913259,SG/SF/F/G/UTIL,3000,UTA@POR 12/06/2024 10:00PM ET,UTA,8.19
SF,Cody Williams (36913266),Cody Williams,36913266,SF/F/UTIL,3000,UTA@POR 12/06/2024 10:00PM ET,UTA,9.11
PG,Patty Mills (36913269),Patty Mills,36913269,PG/G/UTIL,3000,UTA@POR 12/06/2024 10:00PM ET,UTA,8.56
PG,Isaiah Collier (36913272),Isaiah Collier,36913272,PG/G/UTIL,3000,UTA@POR 12/06/2024 10:00PM ET,UTA,10.64
PF,Micah Potter (36913275),Micah Potter,36913275,PF/F/UTIL,3000,UTA@POR 12/06/2024 10:00PM ET,UTA,16.75
PF/C,Pete Nance (36913093),Pete Nance,36913093,PF/C/F/UTIL,3000,ORL@PHI 12/06/2024 07:00PM ET,PHI,0
SF,Justin Edwards (36913097),Justin Edwards,36913097,SF/F/UTIL,3000,ORL@PHI 12/06/2024 07:00PM ET,PHI,4
SG/SF,Eric Gordon (36913100),Eric Gordon,36913100,SG/SF/F/G/UTIL,3000,ORL@PHI 12/06/2024 07:00PM ET,PHI,9.73
PG/SG,Jeff Dowtin (36913105),Jeff Dowtin,36913105,PG/SG/G/UTIL,3000,ORL@PHI 12/06/2024 07:00PM ET,PHI,5.69
PG,Reggie Jackson (36913109),Reggie Jackson,36913109,PG/G/UTIL,3000,ORL@PHI 12/06/2024 07:00PM ET,PHI,10.58
SF,Jett Howard (36913229),Jett Howard,36913229,SF/F/UTIL,3000,ORL@PHI 12/06/2024 07:00PM ET,ORL,7.11
PG/SG,Cole Anthony (36913232),Cole Anthony,36913232,PG/SG/G/UTIL,3000,ORL@PHI 12/06/2024 07:00PM ET,ORL,10.62
SF/PF,Caleb Houstan (36913236),Caleb Houstan,36913236,SF/PF/F/UTIL,3000,ORL@PHI 12/06/2024 07:00PM ET,ORL,1.91
PG,Cory Joseph (36913240),Cory Joseph,36913240,PG/G/UTIL,3000,ORL@PHI 12/06/2024 07:00PM ET,ORL,3.79
PG,Mac McClung (36913243),Mac McClung,36913243,PG/G/UTIL,3000,ORL@PHI 12/06/2024 07:00PM ET,ORL,4.25
PG,Trevelin Queen (36913246),Trevelin Queen,36913246,PG/G/UTIL,3000,ORL@PHI 12/06/2024 07:00PM ET,ORL,1.5
SG/SF,Gary Harris (36913249),Gary Harris,36913249,SG/SF/F/G/UTIL,3000,ORL@PHI 12/06/2024 07:00PM ET,ORL,8.31
